district,year,total_residents,jutland_residents,local_residents,jutland_share_pct,local_share_pct,edu_total,edu_high,high_ed_share_pct
Amager Vest,1985,41034.0,5783.0,24062.0,14.093191012331237,58.63917726763172,28637.0,2386.0,8.33187833921151
Amager Vest,1986,40459.0,5649.0,23624.0,13.96228280481475,58.38997503645666,28659.0,2523.0,8.803517219721554
Amager Vest,1987,40428.0,5558.0,23553.0,13.747897496784407,58.25912733748887,28653.0,2686.0,9.374236554636513
Amager Vest,1988,39860.0,5363.0,23165.0,13.454591068740593,58.11590566984446,28532.0,2785.0,9.760970138791532
Amager Vest,1989,39788.0,5277.0,23055.0,13.262792801849804,57.94460641399417,28381.0,2928.0,10.316761213487897
Amager Vest,1990,39733.0,5256.0,22955.0,13.22829889512496,57.77313568066846,28152.0,3032.0,10.770105143506678
Amager Vest,1991,38187.0,5111.0,21885.0,13.384135962500327,57.31007934637442,27912.0,3116.0,11.16365720836916
Amager Vest,1992,38213.0,5109.0,21765.0,13.369795619291864,56.95705649909716,27927.0,3252.0,11.644644967236008
Amager Vest,1993,38481.0,5078.0,21984.0,13.196122761882487,57.12949247680674,27902.0,3410.0,12.221346140061645
Amager Vest,1994,38225.0,4995.0,21821.0,13.067364290385873,57.08567691301504,28012.0,3622.0,12.93017278309296
Amager Vest,1995,38347.0,4936.0,21958.0,12.871932615328449,57.2613242235377,28072.0,3826.0,13.629239099458536
Amager Vest,1996,38481.0,4869.0,22072.0,12.65299758322289,57.358176762558145,28135.0,4032.0,14.330904567264973
Amager Vest,1997,38571.0,4873.0,22089.0,12.633844079749034,57.26841409348993,28361.0,4325.0,15.249814886640104
Amager Vest,1998,38757.0,4953.0,22083.0,12.779626906107284,56.97809427974301,28248.0,4571.0,16.18167657887284
Amager Vest,1999,38587.0,4891.0,21957.0,12.675253323658227,56.902583771736595,28339.0,4942.0,17.438865168142843
Amager Vest,2000,38568.0,4947.0,21984.0,12.826695706285003,57.00062227753578,28335.0,5167.0,18.235397917769543
Amager Vest,2001,38479.0,5047.0,21729.0,13.116245224668,56.469762727721616,28360.0,5471.0,19.291255289139634
Amager Vest,2002,38370.0,5023.0,21557.0,13.090956476413865,56.18191295282773,28267.0,5720.0,20.2356104291223
Amager Vest,2003,38245.0,5094.0,21383.0,13.31938815531442,55.91057654595372,28399.0,6170.0,21.726117116799887
Amager Vest,2004,38300.0,5149.0,21203.0,13.443864229765014,55.360313315926895,28847.0,6728.0,23.32304919055708
Amager Vest,2005,38722.0,5202.0,21167.0,13.434223438871959,54.6640152884665,30073.0,7562.0,25.14547933362152
Amager Vest,2006,40177.0,5608.0,21501.0,13.958234810961496,53.51569305821739,31727.0,8613.0,27.147224761244367
Amager Vest,2007,42140.0,6161.0,22010.0,14.6203132415757,52.23065970574276,32830.0,8689.0,26.466646360036552
Amager Vest,2008,43547.0,6590.0,22367.0,15.133074609043103,51.362895262589845,33344.0,10198.0,30.584213051823415
Amager Vest,2009,44377.0,6734.0,22649.0,15.174527345246412,51.037699709308875,33905.0,10925.0,32.222386078749444
Amager Vest,2010,45311.0,6982.0,23018.0,15.409061817218777,50.80002648363532,34605.0,11654.0,33.67721427539373
Amager Vest,2011,46547.0,7257.0,23523.0,15.590693277762261,50.53601735879863,35354.0,12367.0,34.98048311365051
Amager Vest,2012,47785.0,7504.0,23967.0,15.703672700638275,50.15590666527153,36217.0,13084.0,36.12668084048927
Amager Vest,2013,49160.0,7848.0,24415.0,15.96419853539463,49.66436126932465,36696.0,13690.0,37.306518421626336
Amager Vest,2014,50394.0,7988.0,24872.0,15.851093384133032,49.3550819542009,37169.0,14529.0,39.08902580107078
Amager Vest,2015,51337.0,8269.0,25147.0,16.107291037653155,48.984163468843136,37838.0,15291.0,40.41175537819124
Amager Vest,2016,52618.0,8465.0,25683.0,16.087650613858376,48.81029305560835,38377.0,16038.0,41.79065586158376
Amager Vest,2017,53994.0,8553.0,26216.0,15.840648960995667,48.55354298625773,39204.0,16638.0,42.43954698500153
Amager Vest,2018,55593.0,8747.0,26921.0,15.733995287176443,48.42516144118864,40636.0,17301.0,42.575548774485675
Amager Vest,2019,57776.0,9019.0,27747.0,15.610288008861811,48.025131542509,42238.0,17848.0,42.25578862635542
Amager Vest,2020,59957.0,9311.0,28510.0,15.52946278166019,47.5507447003686,43141.0,18232.0,42.2614218492849
Amager Vest,2021,61207.0,9439.0,28948.0,15.421438724328917,47.295244008038296,44079.0,18719.0,42.46693436783956
Amager Vest,2022,62524.0,9444.0,29495.0,15.104599833663872,47.17388522807242,43839.0,19065.0,43.488674467939504
Amager Vest,2023,62342.0,9363.0,29476.0,15.018767444098682,47.28112668826794,43654.0,19434.0,44.5182572043799
Amager Vest,2024,62267.0,9379.0,29671.0,15.06255319832335,47.651243837024424,43916.0,19897.0,45.306949631113945
Amager Øst,1985,41581.0,5990.0,23800.0,14.40561795050624,57.237680671460524,30854.0,2287.0,7.412329033512672
Amager Øst,1986,40951.0,5849.0,23407.0,14.282923493931772,57.15855534663378,30687.0,2390.0,7.788314269886271
Amager Øst,1987,40572.0,5804.0,23168.0,14.305432317854677,57.10342107857636,30353.0,2573.0,8.476921556353574
Amager Øst,1988,40108.0,5710.0,22849.0,14.236561284531764,56.96868455171038,30320.0,2720.0,8.970976253298153
Amager Øst,1989,40028.0,5611.0,22729.0,14.017687618666933,56.782752073548515,30239.0,2804.0,9.27279341248057
Amager Øst,1990,40003.0,5550.0,22705.0,13.873959453041023,56.75824313176512,30009.0,2919.0,9.727081875437369
Amager Øst,1991,40085.0,5572.0,22523.0,13.900461519271548,56.18810028689036,29752.0,3072.0,10.325356278569508
Amager Øst,1992,40232.0,5506.0,22488.0,13.68562338437065,55.89580433485782,29746.0,3230.0,10.858602837356283
Amager Øst,1993,40052.0,5402.0,22510.0,13.487466293818036,56.20193748127434,29942.0,3399.0,11.351947097722263
Amager Øst,1994,40203.0,5344.0,22618.0,13.29254035768475,56.25948312315001,30113.0,3609.0,11.98485703848836
Amager Øst,1995,40261.0,5322.0,22583.0,13.218747671443829,56.091502943295,30257.0,3733.0,12.33764087649139
Amager Øst,1996,40215.0,5223.0,22620.0,12.98769116001492,56.24766878030586,30294.0,3959.0,13.06859444114346
Amager Øst,1997,40139.0,5235.0,22414.0,13.042178429955904,55.84095268940432,30291.0,4188.0,13.82588887788452
Amager Øst,1998,40140.0,5265.0,22267.0,13.116591928251122,55.473343298455404,30554.0,4486.0,14.682202003011062
Amager Øst,1999,40304.0,5352.0,22195.0,13.279078999603017,55.068975784041285,30730.0,4837.0,15.740318906605923
Amager Øst,2000,40485.0,5510.0,22056.0,13.609979004569594,54.479436828454986,31215.0,5328.0,17.068716962998558
Amager Øst,2001,40964.0,5734.0,21992.0,13.997656478859486,53.68616346059955,31325.0,5806.0,18.534716679968078
Amager Øst,2002,41177.0,6004.0,21835.0,14.580955387716443,53.027175364888166,31363.0,6286.0,20.042725504575454
Amager Øst,2003,41078.0,6047.0,21605.0,14.720775110764887,52.59506305078144,31442.0,6795.0,21.611220660263342
Amager Øst,2004,41133.0,6171.0,21474.0,15.00255269491649,52.20625774925242,31500.0,7344.0,23.314285714285713
Amager Øst,2005,41188.0,6242.0,21285.0,15.154899485286977,51.67767310867243,31528.0,7725.0,24.50202994163918
Amager Øst,2006,40968.0,6294.0,21012.0,15.363210310486233,51.2888107791447,31419.0,8209.0,26.1275024666603
Amager Øst,2007,40707.0,6231.0,20857.0,15.306949664676837,51.236888004520104,31579.0,7847.0,24.848791918680135
Amager Øst,2008,40791.0,6286.0,20726.0,15.410262067612955,50.81022774631659,31840.0,9001.0,28.269472361809044
Amager Øst,2009,41214.0,6342.0,20794.0,15.38797495996506,50.453729315281215,32005.0,9345.0,29.198562724574284
Amager Øst,2010,41351.0,6266.0,20839.0,15.153200648110081,50.395395516432494,32385.0,9756.0,30.125057897174617
Amager Øst,2011,41757.0,6301.0,20981.0,15.089685561702229,50.245467825753764,32715.0,10046.0,30.70762647103775
Amager Øst,2012,42157.0,6403.0,21045.0,15.188462177099888,49.920535142443725,33284.0,10421.0,31.30933781997356
Amager Øst,2013,42800.0,6487.0,21266.0,15.156542056074766,49.68691588785047,33809.0,11038.0,32.64811144961401
Amager Øst,2014,43352.0,6713.0,21277.0,15.484868056837055,49.0796272374977,34599.0,11863.0,34.287118124801296
Amager Øst,2015,44449.0,6876.0,21619.0,15.469414385025535,48.63776462912551,34751.0,12385.0,35.63926217950563
Amager Øst,2016,44883.0,6911.0,21662.0,15.397812089209722,48.263262259652876,34991.0,12982.0,37.10096882055386
Amager Øst,2017,45433.0,7041.0,21838.0,15.497545836726609,48.06638346576277,35261.0,13559.0,38.45324863163268
Amager Øst,2018,46109.0,7083.0,22095.0,15.36142618577718,47.91906135461623,35601.0,14161.0,39.776972556950646
Amager Øst,2019,46752.0,7186.0,22350.0,15.370465434633813,47.80544147843943,35879.0,14579.0,40.63379692856546
Amager Øst,2020,47294.0,7218.0,22674.0,15.26197826362752,47.942656573772574,36425.0,15111.0,41.485243651338365
Amager Øst,2021,47957.0,7287.0,22783.0,15.194862063932273,47.507141814542194,36466.0,15323.0,42.01996380189766
Amager Øst,2022,48017.0,7333.0,22748.0,15.271674615240435,47.37488806047858,36589.0,15634.0,42.728688950230946
Amager Øst,2023,48038.0,7292.0,22881.0,15.179649444190016,47.63104209167742,36479.0,15970.0,43.77861235231229
Amager Øst,2024,47898.0,7248.0,22831.0,15.132155831141175,47.665873314125854,36356.0,16225.0,44.628121905600175
Bispebjerg,1985,39078.0,5956.0,22101.0,15.241312247300272,56.55611853216644,26183.0,2218.0,8.47114539968682
Bispebjerg,1986,38664.0,5776.0,21792.0,14.938961307676392,56.362507759155804,25662.0,2299.0,8.958771724729171
Bispebjerg,1987,38202.0,5628.0,21539.0,14.732212973142767,56.381864823831215,25471.0,2476.0,9.720859016135998
Bispebjerg,1988,37963.0,5527.0,21393.0,14.558912625451097,56.352237705133945,25181.0,2624.0,10.42055518049323
Bispebjerg,1989,37657.0,5476.0,21106.0,14.541785059882624,56.04801232174629,25395.0,2802.0,11.033668044890726
Bispebjerg,1990,37594.0,5377.0,21029.0,14.302814278874289,55.93711762515295,24878.0,2865.0,11.51619905137069
Bispebjerg,1991,37604.0,5418.0,20703.0,14.408041697691734,55.05531326454633,24481.0,2954.0,12.066500551448062
Bispebjerg,1992,37391.0,5371.0,20378.0,14.364419245272927,54.49974592816453,24245.0,3017.0,12.443802845947618
Bispebjerg,1993,37052.0,5142.0,20210.0,13.877793371477923,54.54496383461082,24063.0,3211.0,13.344138303619665
Bispebjerg,1994,36368.0,4923.0,19906.0,13.536625604927409,54.73493180818302,24254.0,3347.0,13.799785602374866
Bispebjerg,1995,36456.0,4843.0,19912.0,13.284507351327628,54.61926706166337,24589.0,3552.0,14.445483752897637
Bispebjerg,1996,36647.0,4764.0,19992.0,12.999699839004556,54.552896553606026,24751.0,3725.0,15.049896973859642
Bispebjerg,1997,36566.0,4730.0,19849.0,12.935513865339386,54.28266695837664,24829.0,3963.0,15.961174433122558
Bispebjerg,1998,36387.0,4704.0,19677.0,12.927693956632863,54.07700552395086,25022.0,4203.0,16.797218447765967
Bispebjerg,1999,36338.0,4707.0,19470.0,12.953382134404755,53.58027409323573,25306.0,4493.0,17.75468268394847
Bispebjerg,2000,36492.0,4773.0,19397.0,13.07957908582703,53.1541159706237,25587.0,4820.0,18.837691014968538
Bispebjerg,2001,36604.0,4748.0,19304.0,12.971259971587804,52.737405748005685,25795.0,5145.0,19.94572591587517
Bispebjerg,2002,36915.0,4729.0,19438.0,12.8105106325342,52.656101855614246,25760.0,5502.0,21.358695652173914
Bispebjerg,2003,36627.0,4748.0,19163.0,12.96311464220384,52.319327272230865,26013.0,5822.0,22.381117133740823
Bispebjerg,2004,36640.0,4745.0,19092.0,12.950327510917031,52.10698689956332,25927.0,6061.0,23.377174374204497
Bispebjerg,2005,36322.0,4654.0,18860.0,12.813171080887617,51.92445349925665,26005.0,6328.0,24.33378196500673
Bispebjerg,2006,36129.0,4738.0,18536.0,13.114118851891831,51.30504580807661,26408.0,6785.0,25.692971826719177
Bispebjerg,2007,36219.0,4795.0,18341.0,13.238907755597891,50.639167287887574,26925.0,6504.0,24.15598885793872
Bispebjerg,2008,36562.0,4920.0,18111.0,13.456594278212352,49.535036376565834,27021.0,7535.0,27.885718515228895
Bispebjerg,2009,36696.0,4934.0,18104.0,13.445607150643122,49.33507739263135,27226.0,7900.0,29.016381400132225
Bispebjerg,2010,36966.0,4967.0,18085.0,13.43667153600606,48.92333495644647,27519.0,8133.0,29.554126240052327
Bispebjerg,2011,37441.0,5090.0,18175.0,13.594722363184744,48.54304105125397,27981.0,8415.0,30.073978771309104
Bispebjerg,2012,38095.0,5252.0,18255.0,13.786586166163538,47.91967449796561,28370.0,8835.0,31.14205146281283
Bispebjerg,2013,38648.0,5412.0,18435.0,14.003311943696957,47.699751604222726,28449.0,9256.0,32.535414250061514
Bispebjerg,2014,38994.0,5573.0,18484.0,14.291942350105144,47.40216443555419,28747.0,9717.0,33.80178801266219
Bispebjerg,2015,39427.0,5666.0,18662.0,14.370862606843026,47.33304588226343,28953.0,10249.0,35.398749697786066
Bispebjerg,2016,39870.0,5785.0,18720.0,14.509656383245549,46.95259593679458,28932.0,10918.0,37.736762062767866
Bispebjerg,2017,40035.0,5800.0,18803.0,14.487323591857125,46.966404396153365,28841.0,11399.0,39.523594882285636
Bispebjerg,2018,40171.0,5867.0,18893.0,14.605063354160961,47.03144059147146,28726.0,11830.0,41.18220427487294
Bispebjerg,2019,40198.0,5846.0,18936.0,14.54301209015374,47.106821234887306,28474.0,12183.0,42.78640162955679
Bispebjerg,2020,40157.0,5766.0,19078.0,14.358642328859228,47.50852902358244,28064.0,12190.0,43.43643101482326
Bispebjerg,2021,39792.0,5577.0,19038.0,14.015379975874549,47.8437876960193,27553.0,12251.0,44.46339781511995
Bispebjerg,2022,39227.0,5471.0,18898.0,13.947026282917378,48.17600122364698,27630.0,12533.0,45.36011581614188
Bispebjerg,2023,39289.0,5440.0,18909.0,13.846114688589681,48.12797475120263,27769.0,12965.0,46.688753646152186
Bispebjerg,2024,39426.0,5432.0,19037.0,13.77771014051641,48.28539542433927,27878.0,13495.0,48.407346294569194
Brønshøj-Husum,1985,33942.0,4517.0,19882.0,13.30799599316481,58.57639502681044,24149.0,2607.0,10.795478073626237
Brønshøj-Husum,1986,33614.0,4428.0,19717.0,13.173082644136372,58.6571071577319,23724.0,2733.0,11.519979767324228
Brønshøj-Husum,1987,33240.0,4370.0,19472.0,13.146811070998796,58.58002406738869,23382.0,2894.0,12.377042169189975
Brønshøj-Husum,1988,32969.0,4308.0,19283.0,13.066820346385999,58.48827686614699,23168.0,3014.0,13.00932320441989
Brønshøj-Husum,1989,32911.0,4238.0,19181.0,12.877153535292152,58.281425663152135,22963.0,3113.0,13.556591037756391
Brønshøj-Husum,1990,32828.0,4160.0,19164.0,12.672109175094432,58.37699524795906,22565.0,3251.0,14.407267892754266
Brønshøj-Husum,1991,33405.0,4287.0,19343.0,12.833408172429277,57.90450531357581,22280.0,3333.0,14.959605026929982
Brønshøj-Husum,1992,33585.0,4308.0,19279.0,12.827154979901742,57.40360279886854,21976.0,3462.0,15.75354932653804
Brønshøj-Husum,1993,33451.0,4230.0,19297.0,12.645361872589758,57.68736360646916,21575.0,3536.0,16.38933951332561
Brønshøj-Husum,1994,33226.0,4154.0,19243.0,12.502257268404263,57.91548787094444,21593.0,3643.0,16.87120826193674
Brønshøj-Husum,1995,33518.0,4067.0,19572.0,12.133778865087416,58.3925055194224,21402.0,3763.0,17.58246892813756
Brønshøj-Husum,1996,33311.0,4017.0,19483.0,12.059079583320825,58.488187085347185,21539.0,3936.0,18.273828868564
Brønshøj-Husum,1997,33808.0,4033.0,19781.0,11.929129200189305,58.50982016090866,21567.0,4058.0,18.815783372745397
Brønshøj-Husum,1998,33990.0,3950.0,20033.0,11.621065019123272,58.93792291850544,21465.0,4225.0,19.683205217796413
Brønshøj-Husum,1999,33929.0,3859.0,20017.0,11.373751068407557,58.99672846237732,21391.0,4415.0,20.63952129400215
Brønshøj-Husum,2000,33936.0,3824.0,20076.0,11.268269684111269,59.15841584158416,21330.0,4563.0,21.39240506329114
Brønshøj-Husum,2001,33865.0,3796.0,20027.0,11.209213051823417,59.13775284216743,21229.0,4734.0,22.299684393989356
Brønshøj-Husum,2002,33784.0,3785.0,19967.0,11.203528297418897,59.101941747572816,21119.0,4907.0,23.23500165727544
Brønshøj-Husum,2003,33611.0,3709.0,19956.0,11.03507780191009,59.373419416262536,21062.0,5038.0,23.919855664229416
Brønshøj-Husum,2004,33587.0,3627.0,20072.0,10.798820972400035,59.761217137582996,20929.0,5207.0,24.8793540064026
Brønshøj-Husum,2005,33202.0,3563.0,19781.0,10.731281248117583,59.57773628094693,20733.0,5398.0,26.03578835672599
Brønshøj-Husum,2006,32855.0,3522.0,19558.0,10.719829554101354,59.528230101963175,20471.0,5485.0,26.794001270089396
Brønshøj-Husum,2007,32412.0,3458.0,19271.0,10.668888066148341,59.45637418240158,20249.0,5402.0,26.67786063509309
Brønshøj-Husum,2008,32121.0,3338.0,19171.0,10.391955418573518,59.68369602440771,19993.0,5711.0,28.564997749212225
Brønshøj-Husum,2009,31812.0,3279.0,19012.0,10.307431158053564,59.76361121589338,19808.0,5831.0,29.437600969305333
Brønshøj-Husum,2010,31628.0,3236.0,18912.0,10.231440495763248,59.795118249652205,19760.0,6037.0,30.55161943319838
Brønshøj-Husum,2011,31659.0,3187.0,18898.0,10.066647714709877,59.69234656811649,19842.0,6216.0,31.327487148472937
Brønshøj-Husum,2012,31978.0,3252.0,19037.0,10.169491525423728,59.53155294264807,19932.0,6344.0,31.8282159341762
Brønshøj-Husum,2013,32366.0,3366.0,19060.0,10.399802261632578,58.888957548044246,19830.0,6534.0,32.9500756429652
Brønshøj-Husum,2014,32429.0,3389.0,19015.0,10.450522680317,58.635788954331,19623.0,6666.0,33.97034092646384
Brønshøj-Husum,2015,32523.0,3375.0,18998.0,10.37727146942164,58.414045444762166,19501.0,6923.0,35.500743551612736
Brønshøj-Husum,2016,32634.0,3438.0,18983.0,10.535024820739107,58.1693938836796,19412.0,7158.0,36.87409849577581
Brønshøj-Husum,2017,32736.0,3445.0,18922.0,10.523582600195503,57.80180840664712,19255.0,7354.0,38.192677226694364
Brønshøj-Husum,2018,32774.0,3472.0,18834.0,10.593763348996156,57.466284249710135,19242.0,7583.0,39.4085853861345
Brønshøj-Husum,2019,32882.0,3492.0,18864.0,10.619791983455993,57.36877318897877,19030.0,7733.0,40.63583815028902
Brønshøj-Husum,2020,32726.0,3434.0,18740.0,10.493185846116237,57.26333801870073,18791.0,7873.0,41.89771699217711
Brønshøj-Husum,2021,32659.0,3453.0,18722.0,10.572889555712054,57.32569888851465,18597.0,7974.0,42.87788352960155
Brønshøj-Husum,2022,32251.0,3394.0,18472.0,10.523704691327401,57.27574338780193,18422.0,8007.0,43.464336119856696
Brønshøj-Husum,2023,32012.0,3440.0,18307.0,10.745970261152069,57.18792952642759,18501.0,8162.0,44.11653424139236
Brønshøj-Husum,2024,31976.0,3430.0,18210.0,10.726795096322242,56.94896172129097,18305.0,8230.0,44.96039333515433
Indre By,1985,37445.0,6512.0,17843.0,17.390839898517825,47.65122179196155,29363.0,6749.0,22.98470864693662
Indre By,1986,36810.0,6379.0,17518.0,17.329530019016573,47.59032871502309,29145.0,6920.0,23.743352204494766
Indre By,1987,36285.0,6281.0,17166.0,17.310183271324238,47.308805291442745,28953.0,7135.0,24.643387559147584
Indre By,1988,35760.0,6171.0,16861.0,17.256711409395972,47.15044742729307,28882.0,7336.0,25.399903053805136
Indre By,1989,35639.0,6123.0,16614.0,17.180616740088105,46.617469625971545,28853.0,7566.0,26.22257650850865
Indre By,1990,35460.0,6084.0,16435.0,17.15736040609137,46.34799774393683,28744.0,7730.0,26.892568883940996
Indre By,1991,35535.0,6054.0,16221.0,17.03672435626847,45.64795272266779,28661.0,7958.0,27.765953735040647
Indre By,1992,35719.0,6164.0,16097.0,17.25692208628461,45.06565133402391,28839.0,8270.0,28.67644509171608
Indre By,1993,35911.0,6096.0,16206.0,16.975300047339257,45.12823368884186,29223.0,8569.0,29.32279368990179
Indre By,1994,36193.0,6098.0,16310.0,16.848561876605974,45.0639626447103,29420.0,8997.0,30.581237253569
Indre By,1995,36309.0,6071.0,16284.0,16.720372359470105,44.84838469800876,29691.0,9546.0,32.15115691623724
Indre By,1996,36387.0,6015.0,16191.0,16.530629070822,44.496660895374724,30062.0,10095.0,33.580600093140845
Indre By,1997,36794.0,6134.0,16442.0,16.671196390715878,44.68663369027559,30174.0,10521.0,34.86776695168025
Indre By,1998,36934.0,6224.0,16461.0,16.851681377592463,44.56869009584665,30394.0,10952.0,36.03342765019412
Indre By,1999,37215.0,6290.0,16527.0,16.901786913878812,44.40951229343007,30470.0,11338.0,37.21037085658024
Indre By,2000,37456.0,6367.0,16632.0,16.998611704399828,44.40410081161897,30505.0,11741.0,38.48877233240452
Indre By,2001,37643.0,6476.0,16644.0,17.203729777116596,44.21539197194698,30520.0,12046.0,39.469200524246396
Indre By,2002,37703.0,6504.0,16693.0,17.250616661804102,44.27499137999629,30632.0,12502.0,40.81352833638026
Indre By,2003,37946.0,6598.0,16736.0,17.38786696885047,44.104780477520684,30669.0,12846.0,41.88594346082363
Indre By,2004,38039.0,6619.0,16675.0,17.400562580509476,43.836588764163096,30512.0,12931.0,42.38004719454641
Indre By,2005,37938.0,6605.0,16631.0,17.40998471189836,43.83731351151879,30253.0,13054.0,43.14943972498595
Indre By,2006,37724.0,6661.0,16489.0,17.657194359028736,43.709574806489236,30405.0,13457.0,44.25916790001644
Indre By,2007,37974.0,6695.0,16558.0,17.630484015378943,43.60351819666087,30266.0,12830.0,42.39080155950572
Indre By,2008,37957.0,6774.0,16510.0,17.84651052506784,43.496588244592566,30388.0,13866.0,45.6298538896933
Indre By,2009,38213.0,6726.0,16562.0,17.601339858163453,43.341271295108996,30825.0,14267.0,46.28386050283861
Indre By,2010,38887.0,6912.0,16695.0,17.774577622341656,42.932085272713245,31325.0,14720.0,46.99122106943336
Indre By,2011,39480.0,7128.0,16772.0,18.054711246200608,42.4822695035461,32072.0,15294.0,47.68645547518084
Indre By,2012,40432.0,7368.0,17045.0,18.223189552829442,42.15720221606648,32355.0,15713.0,48.5643640859218
Indre By,2013,41013.0,7550.0,17158.0,18.40879721064053,41.83551556823446,32485.0,16023.0,49.32430352470371
Indre By,2014,41405.0,7557.0,17282.0,18.25141891075957,41.738920420239104,32811.0,16371.0,49.894852336106794
Indre By,2015,42106.0,7483.0,17513.0,17.77181399325512,41.592647128675246,33241.0,16823.0,50.609187449234376
Indre By,2016,42822.0,7567.0,17762.0,17.670823408528328,41.478679183597215,33347.0,17042.0,51.10504693075839
Indre By,2017,43410.0,7667.0,18056.0,17.66182907164248,41.59410274130385,33002.0,17016.0,51.56051148415248
Indre By,2018,43139.0,7581.0,17964.0,17.573425438698163,41.64213356823292,33165.0,17159.0,51.738278305442485
Indre By,2019,43442.0,7525.0,18103.0,17.32194650338382,41.67165415956908,32943.0,17080.0,51.84712989102389
Indre By,2020,43343.0,7395.0,18170.0,17.061578570934177,41.92141752993563,33046.0,17035.0,51.54935544392665
Indre By,2021,43588.0,7455.0,18203.0,17.103331192071213,41.761493989171335,32771.0,16843.0,51.39605138689695
Indre By,2022,43190.0,7422.0,18055.0,17.18453345681871,41.80365825422552,32610.0,16856.0,51.68966574670347
Indre By,2023,42884.0,7326.0,18014.0,17.08329446879955,42.00634269191307,32623.0,17023.0,52.180976611593046
Indre By,2024,42885.0,7287.0,17976.0,16.991955229101084,41.91675410982861,32934.0,17349.0,52.67808343960649
Nørrebro,1985,56518.0,8701.0,29641.0,15.39509536784741,52.445238685020705,41334.0,4559.0,11.029660811922389
Nørrebro,1986,55714.0,8556.0,28957.0,15.35700183077862,51.97436909932871,41116.0,4852.0,11.800758828679832
Nørrebro,1987,55176.0,8368.0,28613.0,15.16601420907641,51.857691750036246,42237.0,5330.0,12.619267466912897
Nørrebro,1988,56330.0,8412.0,28994.0,14.933428013491923,51.471684715071895,42706.0,5766.0,13.50161569802838
Nørrebro,1989,56673.0,8324.0,29033.0,14.687770190390486,51.22898029043813,42828.0,6060.0,14.149621742785094
Nørrebro,1990,56621.0,8349.0,28739.0,14.745412479468749,50.75678635135374,42550.0,6349.0,14.921269095182138
Nørrebro,1991,55927.0,8345.0,27879.0,14.921236612012088,49.84891018649311,42685.0,6677.0,15.642497364413728
Nørrebro,1992,56504.0,8427.0,27937.0,14.913988390202464,49.44251734390485,42631.0,7114.0,16.687387112664492
Nørrebro,1993,56499.0,8320.0,27921.0,14.72592435264341,49.41857378006691,42255.0,7395.0,17.500887468938586
Nørrebro,1994,56091.0,8188.0,27597.0,14.597707297070832,49.200406482323366,42347.0,8003.0,18.898623279098874
Nørrebro,1995,56076.0,8050.0,27508.0,14.35551751194807,49.05485412654255,42611.0,8445.0,19.81882612470958
Nørrebro,1996,56443.0,8138.0,27435.0,14.418085502188049,48.60655882926138,42955.0,9084.0,21.147712722616692
Nørrebro,1997,56982.0,8355.0,27479.0,14.66252500789723,48.22400056158085,43047.0,9723.0,22.58693985643599
Nørrebro,1998,57010.0,8380.0,27278.0,14.699175583231012,47.847746009472026,43426.0,10555.0,24.305715469994933
Nørrebro,1999,57552.0,8614.0,27304.0,14.967333889352238,47.44231303864331,43690.0,11413.0,26.12268253604944
Nørrebro,2000,58014.0,8732.0,27383.0,15.051539283621194,47.200675698969214,43914.0,12151.0,27.66999134672314
Nørrebro,2001,58434.0,8968.0,27331.0,15.34722935277407,46.77242701167129,43788.0,12940.0,29.5514752900338
Nørrebro,2002,58618.0,9097.0,27390.0,15.519123818622266,46.72626155788324,43682.0,13668.0,31.289776109152513
Nørrebro,2003,58652.0,9059.0,27365.0,15.445338607379117,46.65655050126168,43469.0,14360.0,33.03503646276657
Nørrebro,2004,58441.0,9153.0,27112.0,15.661949658630071,46.39208774661625,43329.0,14524.0,33.52027510443352
Nørrebro,2005,58042.0,9211.0,26683.0,15.869542744908859,45.97188242996451,42456.0,14542.0,34.251931411343506
Nørrebro,2006,56832.0,8993.0,25913.0,15.823831644144144,45.5957911036036,42015.0,14903.0,35.47066523860526
Nørrebro,2007,56313.0,9036.0,25610.0,16.046028448138085,45.47795358087831,42032.0,13734.0,32.67510468214694
Nørrebro,2008,56288.0,9216.0,25464.0,16.372939169982946,45.23877202956225,42101.0,15984.0,37.965844041709225
Nørrebro,2009,56271.0,9264.0,25145.0,16.463187076824653,44.685539620763805,42991.0,16831.0,39.1500546626038
Nørrebro,2010,57157.0,9623.0,25098.0,16.836083069440313,43.91063211855066,43892.0,17762.0,40.46751116376561
Nørrebro,2011,58145.0,9978.0,25194.0,17.160546908590593,43.32960701694041,45114.0,18951.0,42.00691581327304
Nørrebro,2012,59433.0,10382.0,25439.0,17.468409806000032,42.80281998216479,45986.0,20163.0,43.84595311616579
Nørrebro,2013,60387.0,10712.0,25609.0,17.738917316641,42.408134201069764,46916.0,21531.0,45.89265922073493
Nørrebro,2014,61379.0,11069.0,25849.0,18.03385522735789,42.11375226054514,47374.0,22724.0,47.96723941402457
Nørrebro,2015,62077.0,11320.0,26135.0,18.235417304315607,42.10093915620922,47600.0,23823.0,50.04831932773109
Nørrebro,2016,62551.0,11433.0,26313.0,18.27788524563956,42.06647375741395,47403.0,24877.0,52.47980085648587
Nørrebro,2017,62686.0,11359.0,26525.0,18.12047347095045,42.31407331780621,47423.0,25135.0,53.00170803196761
Nørrebro,2018,63084.0,11195.0,27036.0,17.746179696912055,42.857142857142854,47129.0,25129.0,53.3196121284135
Nørrebro,2019,62843.0,10971.0,27161.0,17.45779163948252,43.22040640962398,46762.0,25028.0,53.52209058637355
Nørrebro,2020,62466.0,10763.0,27143.0,17.23017321422854,43.45243812634073,46203.0,24803.0,53.68266129904985
Nørrebro,2021,61685.0,10478.0,27022.0,16.986301369863014,43.806435924454895,45842.0,24722.0,53.928711661794864
Nørrebro,2022,61088.0,10203.0,26916.0,16.702134625458356,44.06102671555789,45553.0,24937.0,54.742827036638644
Nørrebro,2023,60730.0,9979.0,26971.0,16.431747077227072,44.411328832537464,45595.0,25279.0,55.44248272836934
Nørrebro,2024,60630.0,9836.0,27105.0,16.222991918192314,44.70559129143988,45886.0,25769.0,56.15874122826134
Valby,1985,40570.0,5717.0,21564.0,14.09169336948484,53.152575794922356,28770.0,2773.0,9.638512339242267
Valby,1986,40082.0,5615.0,21275.0,14.008781996906341,53.07868868818921,28386.0,2899.0,10.212780948354823
Valby,1987,39750.0,5499.0,21029.0,13.833962264150943,52.90314465408805,28231.0,3015.0,10.679749211859304
Valby,1988,39633.0,5479.0,20921.0,13.824338303938637,52.78681906492065,28013.0,3142.0,11.216221040231321
Valby,1989,39447.0,5418.0,20800.0,13.734884782112708,52.72897812254417,27896.0,3290.0,11.793805563521651
Valby,1990,39414.0,5374.0,20788.0,13.63474907393312,52.742680265895366,27555.0,3440.0,12.484122663763383
Valby,1991,39467.0,5443.0,20661.0,13.79126865482555,52.350064610940784,27355.0,3613.0,13.207823067080973
Valby,1992,39765.0,5475.0,20711.0,13.768389287061487,52.083490506727024,27266.0,3725.0,13.661703220127631
Valby,1993,39676.0,5331.0,20754.0,13.43633430789394,52.30870047383809,27083.0,3904.0,14.414946645497176
Valby,1994,39353.0,5162.0,20628.0,13.117170228445099,52.417858867176584,27112.0,4068.0,15.004426084390676
Valby,1995,39312.0,5084.0,20567.0,12.932437932437933,52.31735856735857,27648.0,4364.0,15.784143518518519
Valby,1996,40067.0,5071.0,20873.0,12.656300696333641,52.09524047220905,27617.0,4560.0,16.51156896114712
Valby,1997,40110.0,5063.0,20856.0,12.62278733482922,51.99700822737472,27794.0,4822.0,17.349068144203784
Valby,1998,40241.0,5070.0,20833.0,12.59909047985885,51.770582241991995,27921.0,5102.0,18.272984491959456
Valby,1999,40310.0,5093.0,20797.0,12.634581989580749,51.5926569089556,27801.0,5309.0,19.096435380022303
Valby,2000,40228.0,5172.0,20668.0,12.856716714726062,51.37715024361142,27763.0,5608.0,20.199546158556352
Valby,2001,40113.0,5143.0,20547.0,12.821279884326778,51.222795602423155,27775.0,5886.0,21.191719171917192
Valby,2002,39994.0,5174.0,20402.0,12.936940541081162,51.012651897784664,27660.0,6214.0,22.465654374548084
Valby,2003,39785.0,5148.0,20232.0,12.93955008168908,50.85333668468016,27681.0,6518.0,23.54683718073769
Valby,2004,39660.0,5143.0,20082.0,12.967725668179526,50.635400907715585,27771.0,6916.0,24.903676497065284
Valby,2005,39500.0,5162.0,19894.0,13.068354430379747,50.36455696202532,27500.0,7178.0,26.10181818181818
Valby,2006,38956.0,5174.0,19474.0,13.28165109354143,49.989732005339356,27156.0,7278.0,26.800707026071585
Valby,2007,38442.0,5018.0,19251.0,13.053431143020655,50.078039644139224,27303.0,7141.0,26.154635021792476
Valby,2008,38444.0,5044.0,19111.0,13.120382894599938,49.711268338362295,27618.0,8080.0,29.256282134839598
Valby,2009,38875.0,5069.0,19253.0,13.039228295819935,49.52540192926045,27939.0,8456.0,30.265936504527723
Valby,2010,39334.0,5083.0,19443.0,12.922662327757157,49.43051812681141,28198.0,8792.0,31.179516277750196
Valby,2011,39632.0,5068.0,19512.0,12.787646346386758,49.23294307630198,28496.0,9222.0,32.362436833239755
Valby,2012,40279.0,5180.0,19819.0,12.860299411604062,49.20430000744805,28983.0,9545.0,32.933098713038675
Valby,2013,41058.0,5314.0,20031.0,12.942666471820353,48.78708168931755,29579.0,10004.0,33.82129213293215
Valby,2014,41924.0,5464.0,20213.0,13.033107527907642,48.21343383264956,29763.0,10343.0,34.75120115579747
Valby,2015,42329.0,5501.0,20343.0,12.995818469607125,48.059250159465144,29969.0,10809.0,36.06726951182889
Valby,2016,42788.0,5597.0,20406.0,13.080770309432552,47.69094138543517,30598.0,11456.0,37.440355578796
Valby,2017,43470.0,5780.0,20409.0,13.2965263400046,46.9496204278813,31274.0,12071.0,38.59755707616551
Valby,2018,44131.0,5859.0,20331.0,13.276381681810971,46.06965625070812,32256.0,12836.0,39.79414682539682
Valby,2019,45167.0,6053.0,20349.0,13.401377111608033,45.05280403834658,33110.0,13412.0,40.50739957716702
Valby,2020,46180.0,6146.0,20582.0,13.308791684711997,44.56907752273712,34073.0,13963.0,40.97966131541103
Valby,2021,47217.0,6358.0,20748.0,13.46548912467967,43.94180062265709,35010.0,14428.0,41.211082547843475
Valby,2022,48239.0,6529.0,20818.0,13.534691846845913,43.155952652418165,35063.0,14750.0,42.06713629752161
Valby,2023,48089.0,6545.0,20648.0,13.610181122502027,42.93705421198195,34596.0,14852.0,42.92981847612441
Valby,2024,47436.0,6452.0,20307.0,13.601484104899233,42.8092587907918,34718.0,15400.0,44.357393859093264
Vanløse,1985,32315.0,4707.0,16797.0,14.565991025839393,51.978957140646756,22365.0,3221.0,14.401967359713838
Vanløse,1986,32125.0,4620.0,16773.0,14.381322957198444,52.21167315175097,22152.0,3394.0,15.32141567352835
Vanløse,1987,31871.0,4549.0,16566.0,14.273163691129866,51.97828747136896,22120.0,3532.0,15.96745027124774
Vanløse,1988,31724.0,4488.0,16511.0,14.147018030513177,52.04576976421637,22070.0,3725.0,16.878115088355234
Vanløse,1989,31700.0,4465.0,16453.0,14.085173501577287,51.90220820189275,22071.0,3896.0,17.65212269493906
Vanløse,1990,31592.0,4377.0,16443.0,13.85477336034439,52.047986832109395,22021.0,4068.0,18.473275509740702
Vanløse,1991,31523.0,4409.0,16126.0,13.986612949275132,51.156298575643184,22004.0,4205.0,19.11016178876568
Vanløse,1992,31795.0,4352.0,16197.0,13.687686743198617,50.94197200817739,22186.0,4394.0,19.805282610655368
Vanløse,1993,31939.0,4317.0,16380.0,13.516390619618647,51.28526253170106,22302.0,4588.0,20.57214599587481
Vanløse,1994,32126.0,4261.0,16433.0,13.263400361078254,51.15171512170827,22429.0,4813.0,21.45882562753578
Vanløse,1995,32222.0,4284.0,16433.0,13.295264105269691,50.9993172366706,22618.0,4968.0,21.964806791051377
Vanløse,1996,32222.0,4258.0,16391.0,13.214573893613059,50.86897151014835,22825.0,5185.0,22.71631982475356
Vanløse,1997,32311.0,4260.0,16406.0,13.184364457924547,50.775277769180775,23025.0,5453.0,23.68295331161781
Vanløse,1998,32379.0,4271.0,16365.0,13.19064825967448,50.542017974613174,23101.0,5633.0,24.384225791091296
Vanløse,1999,32368.0,4206.0,16359.0,12.994315373208106,50.54065743944636,23222.0,5898.0,25.398329170614073
Vanløse,2000,32442.0,4291.0,16430.0,13.226681462301954,50.64422661981382,23373.0,6166.0,26.380866812133657
Vanløse,2001,32516.0,4352.0,16376.0,13.384180095952761,50.362898265469305,23515.0,6455.0,27.450563470125452
Vanløse,2002,32640.0,4443.0,16314.0,13.612132352941176,49.981617647058826,23633.0,6793.0,28.743705835061142
Vanløse,2003,32586.0,4397.0,16259.0,13.493524826612656,49.89566071318971,23576.0,7010.0,29.733627417712928
Vanløse,2004,32422.0,4287.0,16088.0,13.22250323854173,49.62062796866325,23721.0,7358.0,31.018928375700856
Vanløse,2005,32435.0,4267.0,16025.0,13.155541852936642,49.40650531832897,23713.0,7660.0,32.30295618437144
Vanløse,2006,32265.0,4275.0,15862.0,13.249651324965132,49.161630249496355,23471.0,7841.0,33.407183332623234
Vanløse,2007,31809.0,4247.0,15650.0,13.351567166525196,49.199911974598386,23425.0,7564.0,32.29028815368196
Vanløse,2008,31665.0,4161.0,15544.0,13.140691615348176,49.088899415758725,23463.0,8189.0,34.90176021821591
Vanløse,2009,31730.0,4155.0,15583.0,13.094862905767412,49.11125118184683,23634.0,8390.0,35.4997038165355
Vanløse,2010,31952.0,4148.0,15638.0,12.981972959439158,48.9421632448673,23801.0,8617.0,36.20436116129574
Vanløse,2011,32314.0,4130.0,15750.0,12.780838026861423,48.74048400074271,24156.0,8947.0,37.038416956449744
Vanløse,2012,32825.0,4201.0,15944.0,12.798172124904799,48.572734196496576,24483.0,9203.0,37.58934771065638
Vanløse,2013,33369.0,4298.0,16030.0,12.880218166561779,48.03859869939165,24705.0,9555.0,38.67638129933212
Vanløse,2014,33678.0,4355.0,16082.0,12.93129045667795,47.752241819585485,24671.0,9835.0,39.86461837785254
Vanløse,2015,33800.0,4380.0,16041.0,12.958579881656805,47.4585798816568,24865.0,10143.0,40.792278302835314
Vanløse,2016,34208.0,4412.0,16104.0,12.89756782039289,47.076707202993454,24806.0,10463.0,42.17931145690559
Vanløse,2017,34324.0,4449.0,16066.0,12.961776016781261,46.806898962824846,24598.0,10635.0,43.23522237580291
Vanløse,2018,34296.0,4476.0,15998.0,13.05108467459762,46.64683928154887,24565.0,10808.0,43.997557500508854
Vanløse,2019,34421.0,4402.0,16094.0,12.788704569884663,46.75634060602539,24426.0,10947.0,44.81699828052076
Vanløse,2020,34327.0,4340.0,16044.0,12.643108923005215,46.73871879278702,24257.0,11023.0,45.442552665210044
Vanløse,2021,34241.0,4296.0,16029.0,12.546362547822785,46.81230104260974,24038.0,11100.0,46.176886596222644
Vanløse,2022,33969.0,4262.0,15819.0,12.546733786687863,46.56893049545174,23785.0,11103.0,46.68068110153458
Vanløse,2023,33539.0,4239.0,15608.0,12.639017263484302,46.536867527356215,23741.0,11221.0,47.264226443704985
Vanløse,2024,33490.0,4205.0,15560.0,12.555986861749776,46.46163033741416,23691.0,11394.0,48.094212992275544
Vesterbro-Kongens Enghave,1985,42532.0,6672.0,22133.0,15.687012132041756,52.038465155647515,31732.0,2674.0,8.426824656498173
Vesterbro-Kongens Enghave,1986,41632.0,6460.0,21608.0,15.516910069177555,51.902382782475016,31324.0,2854.0,9.111224620099604
Vesterbro-Kongens Enghave,1987,40950.0,6338.0,21052.0,15.477411477411477,51.40903540903541,31180.0,3070.0,9.846055163566389
Vesterbro-Kongens Enghave,1988,40598.0,6220.0,20760.0,15.320951771023203,51.135523917434355,31207.0,3267.0,10.46880507578428
Vesterbro-Kongens Enghave,1989,40482.0,6217.0,20598.0,15.357442814090213,50.881873425226026,30949.0,3391.0,10.956735274160716
Vesterbro-Kongens Enghave,1990,40056.0,6010.0,20357.0,15.003994407829039,50.821350109846215,30486.0,3456.0,11.33635111198583
Vesterbro-Kongens Enghave,1991,39966.0,6037.0,20062.0,15.105339538607817,50.19766801781514,30353.0,3655.0,12.041643330148585
Vesterbro-Kongens Enghave,1992,39874.0,6106.0,19623.0,15.313236695591112,49.212519436224106,30237.0,3949.0,13.060158084466051
Vesterbro-Kongens Enghave,1993,39495.0,5933.0,19311.0,15.022154703126978,48.89479680972275,30436.0,4256.0,13.983440662373505
Vesterbro-Kongens Enghave,1994,39420.0,5829.0,19177.0,14.786910197869101,48.64789446981228,30581.0,4676.0,15.29053987770184
Vesterbro-Kongens Enghave,1995,39464.0,5772.0,19093.0,14.625988242448814,48.380802756943034,30750.0,4985.0,16.211382113821138
Vesterbro-Kongens Enghave,1996,39397.0,5905.0,18872.0,14.988450897276442,47.90212452724827,31117.0,5489.0,17.63987530931645
Vesterbro-Kongens Enghave,1997,39607.0,6045.0,18638.0,15.262453606685687,47.05733834928169,31793.0,6147.0,19.334444689082503
Vesterbro-Kongens Enghave,1998,40240.0,6299.0,18658.0,15.653578528827039,46.366799204771375,32150.0,6784.0,21.10108864696734
Vesterbro-Kongens Enghave,1999,40515.0,6497.0,18605.0,16.036036036036037,45.92126372948291,32580.0,7570.0,23.23511356660528
Vesterbro-Kongens Enghave,2000,41102.0,6674.0,18728.0,16.23765266896988,45.56469271568294,32701.0,8198.0,25.069569737928504
Vesterbro-Kongens Enghave,2001,41410.0,6830.0,18816.0,16.493600579570153,45.43829992755373,32878.0,8820.0,26.82644929740252
Vesterbro-Kongens Enghave,2002,41703.0,6899.0,18953.0,16.543174351965085,45.44756971920485,32715.0,9471.0,28.950022925263642
Vesterbro-Kongens Enghave,2003,41685.0,6966.0,18916.0,16.711047139258728,45.37843348926472,32596.0,10033.0,30.77985028837894
Vesterbro-Kongens Enghave,2004,41646.0,6965.0,18846.0,16.72429525044422,45.25284541132402,32403.0,10393.0,32.074190661358514
Vesterbro-Kongens Enghave,2005,41397.0,6966.0,18691.0,16.8273063265454,45.150614778848706,32175.0,10702.0,33.261849261849264
Vesterbro-Kongens Enghave,2006,41036.0,6942.0,18441.0,16.916853494492642,44.93859050589726,32562.0,11245.0,34.53411952582765
Vesterbro-Kongens Enghave,2007,41442.0,7027.0,18504.0,16.956227981275035,44.650354712610394,32667.0,10725.0,32.83129763982
Vesterbro-Kongens Enghave,2008,41611.0,7109.0,18561.0,17.084424791521474,44.60599360745957,33604.0,12588.0,37.459826211165336
Vesterbro-Kongens Enghave,2009,42825.0,7467.0,18845.0,17.436077057793344,44.00467016929364,34636.0,13395.0,38.67363436886477
Vesterbro-Kongens Enghave,2010,44158.0,7847.0,19272.0,17.770279451062095,43.643280945695004,35609.0,14217.0,39.92529978376253
Vesterbro-Kongens Enghave,2011,45612.0,8194.0,19757.0,17.964570727001668,43.315355608173284,36334.0,14934.0,41.101998128474705
Vesterbro-Kongens Enghave,2012,46689.0,8396.0,20174.0,17.98282250637195,43.209321253400155,36743.0,15499.0,42.18218436164712
Vesterbro-Kongens Enghave,2013,47285.0,8642.0,20302.0,18.276409009199536,42.93539177328962,37323.0,16288.0,43.64065053720226
Vesterbro-Kongens Enghave,2014,48038.0,8837.0,20484.0,18.395853282817768,42.641242349806404,37878.0,17042.0,44.99181582976926
Vesterbro-Kongens Enghave,2015,48937.0,9015.0,20838.0,18.42164415472955,42.58127796963443,38295.0,17705.0,46.23318971145058
Vesterbro-Kongens Enghave,2016,49657.0,9079.0,21146.0,18.283424290633747,42.58412711198824,39414.0,18691.0,47.42223575379307
Vesterbro-Kongens Enghave,2017,51176.0,9450.0,21658.0,18.465687040800375,42.32061904017508,40744.0,19586.0,48.070881602199094
Vesterbro-Kongens Enghave,2018,52908.0,9733.0,22194.0,18.3960837680502,41.94828759355863,41608.0,20343.0,48.89203999230917
Vesterbro-Kongens Enghave,2019,54124.0,9839.0,22684.0,18.178626856847238,41.91116694996674,42828.0,21142.0,49.36490146633044
Vesterbro-Kongens Enghave,2020,55811.0,10001.0,23302.0,17.919406568597587,41.75162602354374,43799.0,21742.0,49.64040274892121
Vesterbro-Kongens Enghave,2021,57039.0,10129.0,23764.0,17.758025210820666,41.662721997229966,45119.0,22542.0,49.96121367938119
Vesterbro-Kongens Enghave,2022,58625.0,10271.0,24259.0,17.519829424307037,41.37995735607676,45690.0,23344.0,51.0921427008098
Vesterbro-Kongens Enghave,2023,59467.0,10359.0,24721.0,17.419745405014545,41.570955319757175,45753.0,23588.0,51.55508928376281
Vesterbro-Kongens Enghave,2024,59539.0,10338.0,24987.0,17.363408858059422,41.96744990678379,46678.0,24165.0,51.76957024722567
Østerbro,1985,55928.0,9121.0,28199.0,16.308468030324704,50.42018309254756,41969.0,7176.0,17.098334484977006
Østerbro,1986,55245.0,8907.0,27733.0,16.122726038555527,50.20001810118563,41921.0,7618.0,18.172276424703607
Østerbro,1987,54801.0,8776.0,27329.0,16.014306308279046,49.869527928322476,42031.0,8081.0,19.22628536080512
Østerbro,1988,54622.0,8695.0,27067.0,15.918494379554026,49.55329354472557,42233.0,8513.0,20.15722302464897
Østerbro,1989,54644.0,8657.0,26766.0,15.84254446965815,48.98250494107313,42204.0,8875.0,21.0288124348403
Østerbro,1990,54517.0,8543.0,26507.0,15.670341361410202,48.62153089861878,42189.0,9235.0,21.889592073763303
Østerbro,1991,55631.0,8823.0,26784.0,15.859862306987111,48.145817979184265,42067.0,9582.0,22.777949461573204
Østerbro,1992,55907.0,8825.0,26584.0,15.785143184216645,47.550396193678786,42380.0,10123.0,23.886267107126002
Østerbro,1993,56150.0,8914.0,26618.0,15.8753339269813,47.40516473731078,42778.0,10610.0,24.80246855860489
Østerbro,1994,56453.0,8860.0,26677.0,15.694471507271535,47.25523887127345,43170.0,11283.0,26.136205698401668
Østerbro,1995,56824.0,8871.0,26661.0,15.611361396592988,46.91855553991271,43525.0,11979.0,27.522113727742678
Østerbro,1996,57156.0,8884.0,26698.0,15.543425012247184,46.71075652599902,44380.0,12914.0,29.098693105002255
Østerbro,1997,58054.0,8886.0,27007.0,15.306438832810832,46.520480931546494,44544.0,13592.0,30.513649425287355
Østerbro,1998,58149.0,8872.0,27055.0,15.257356102426526,46.52702540026484,44860.0,14450.0,32.21132411948284
Østerbro,1999,58249.0,8959.0,27079.0,15.380521554018095,46.4883517313602,45214.0,15238.0,33.70195072322732
Østerbro,2000,58466.0,8912.0,27109.0,15.243047241131597,46.36711935141792,45288.0,15756.0,34.790673025967145
Østerbro,2001,58535.0,9092.0,27030.0,15.532587340907149,46.17750064064235,45224.0,16157.0,35.726605342296125
Østerbro,2002,58446.0,9060.0,26999.0,15.501488553536598,46.19477808575437,45474.0,16771.0,36.880415182301974
Østerbro,2003,58790.0,9171.0,27071.0,15.599591767307365,46.046946759653004,45288.0,17203.0,37.9857798975446
Østerbro,2004,58646.0,9040.0,27078.0,15.414521024451796,46.171946935852404,45243.0,17479.0,38.633600778020906
Østerbro,2005,58591.0,9112.0,26918.0,15.551876568073595,45.94220955436842,44910.0,17649.0,39.298597194388776
Østerbro,2006,58076.0,9052.0,26613.0,15.586472897582478,45.82443694469316,44351.0,17925.0,40.41622511330071
Østerbro,2007,57544.0,8919.0,26423.0,15.499443903795356,45.917906297789514,44379.0,17159.0,38.66468374681719
Østerbro,2008,57677.0,8870.0,26441.0,15.378747160913361,45.843230403800476,44500.0,18995.0,42.68539325842696
Østerbro,2009,57869.0,8842.0,26470.0,15.279337814719453,45.74124315263786,45085.0,19702.0,43.699678385272264
Østerbro,2010,58665.0,8974.0,26649.0,15.297025483678514,45.42572232165686,45306.0,20255.0,44.70710281198958
Østerbro,2011,59111.0,9072.0,26738.0,15.34739726954374,45.233543672074575,45868.0,20920.0,45.60913926920729
Østerbro,2012,60020.0,9300.0,27061.0,15.494835054981673,45.0866377874042,46415.0,21506.0,46.33415921577076
Østerbro,2013,60845.0,9492.0,27260.0,15.600295833675734,44.80236666940587,46652.0,21948.0,47.04621452456486
Østerbro,2014,61523.0,9550.0,27445.0,15.522650065829039,44.609333094940105,46859.0,22512.0,48.04199833543183
Østerbro,2015,61917.0,9580.0,27597.0,15.472325855580857,44.57095789524686,47191.0,23098.0,48.945773558517516
Østerbro,2016,62478.0,9622.0,27713.0,15.400621018598546,44.35641345753705,47605.0,23926.0,50.259426530826595
Østerbro,2017,63199.0,9572.0,28057.0,15.145809269134006,44.3946897893954,47861.0,24262.0,50.69263074319383
Østerbro,2018,63790.0,9662.0,28222.0,15.146574698228562,44.24204420755604,47461.0,24357.0,51.32003118349803
Østerbro,2019,63607.0,9556.0,28223.0,15.023503702422689,44.370902573616114,47408.0,24505.0,51.68958825514681
Østerbro,2020,63810.0,9493.0,28344.0,14.87697853001097,44.419370004701456,47556.0,24636.0,51.80418874589957
Østerbro,2021,64048.0,9437.0,28500.0,14.734261803647264,44.497876592555585,47294.0,24654.0,52.12923415232376
Østerbro,2022,63555.0,9278.0,28216.0,14.598379356462907,44.396192274407994,47421.0,24889.0,52.485185888108646
Østerbro,2023,63593.0,9192.0,28231.0,14.45442108408158,44.39325082949381,47749.0,25348.0,53.08592850112044
Østerbro,2024,64007.0,9266.0,28342.0,14.47654162825941,44.279531926195574,47934.0,25723.0,53.66337046772646
